theta_deg,torque_Nm
0.0000,0.01214139795133012
0.2500,0.01210767184590976
0.5000,0.012073945740489398
0.7500,0.012040219635069035
1.0000,0.012006493529648674
1.2500,0.011972767424228314
1.5000,0.011939041318807953
1.7500,0.01190531521338759
2.0000,0.011871589107967229
2.2500,0.011837863002546868
2.5000,0.011804136897126507
2.7500,0.011770410791706145
3.0000,0.011736684686285782
3.2500,0.011702958580865421
3.5000,0.01166923247544506
3.7500,0.011635506370024699
4.0000,0.011601780264604337
4.2500,0.011568054159183976
4.5000,0.011534328053763615
4.7500,0.011500601948343254
5.0000,0.011466875842922893
5.2500,0.01143314973750253
5.5000,0.011399423632082168
5.7500,0.011365697526661807
6.0000,0.011331971421241446
6.2500,0.011298245315821083
6.5000,0.011264519210400724
6.7500,0.011230793104980362
7.0000,0.011197066999560001
7.2500,0.011163340894139638
7.5000,0.011129614788719277
7.7500,0.011095888683298916
8.0000,0.011062162577878554
8.2500,0.011028436472458193
8.5000,0.01099471036703783
8.7500,0.010960984261617469
9.0000,0.010927258156197108
9.2500,0.010893532050776748
9.5000,0.010859805945356387
9.7500,0.010826079839936024
10.0000,0.010792353734515663
10.2500,0.010758627629095302
10.5000,0.01072490152367494
10.7500,0.01069117541825458
11.0000,0.010657449312834216
11.2500,0.010623723207413855
11.5000,0.010589997101993494
11.7500,0.010556270996573133
12.0000,0.010522544891152771
12.2500,0.01048881878573241
12.5000,0.010455092680312049
12.7500,0.010421366574891688
13.0000,0.010387640469471325
13.2500,0.010353914364050964
13.5000,0.010320188258630602
13.7500,0.010286462153210241
14.0000,0.01025273604778988
14.2500,0.010219009942369517
14.5000,0.010185283836949157
14.7500,0.010151557731528796
15.0000,0.010117831626108435
15.2500,0.010084105520688074
15.5000,0.01005037941526771
15.7500,0.01001665330984735
16.0000,0.009982927204426988
16.2500,0.009949201099006625
16.5000,0.009915474993586264
16.7500,0.009881748888165903
17.0000,0.009848022782745542
17.2500,0.009814296677325182
17.5000,0.00978057057190482
17.7500,0.009746844466484458
18.0000,0.009713118361064097
18.2500,0.009679392255643736
18.5000,0.009645666150223374
18.7500,0.009611940044803011
19.0000,0.00957821393938265
19.2500,0.009544487833962289
19.5000,0.009510761728541928
19.7500,0.009477035623121568
20.0000,0.009443309517701205
20.2500,0.009409583412280844
20.5000,0.009375857306860483
20.7500,0.00934213120144012
21.0000,0.009308405096019759
21.2500,0.009274678990599397
21.5000,0.009240952885179036
21.7500,0.009207226779758675
22.0000,0.009173500674338312
22.2500,0.00913977456891795
22.5000,0.009106048463497591
22.7500,0.00907232235807723
23.0000,0.009038596252656869
23.2500,0.009004870147236506
23.5000,0.008971144041816145
23.7500,0.008937417936395783
24.0000,0.008903691830975422
24.2500,0.008869965725555061
24.5000,0.008836239620134698
24.7500,0.008802513514714337
25.0000,0.008768787409293976
25.2500,0.008735061303873614
25.5000,0.008701335198453255
25.7500,0.008667609093032892
26.0000,0.00863388298761253
26.2500,0.00860015688219217
26.5000,0.008566430776771806
26.7500,0.008532704671351445
27.0000,0.008498978565931084
27.2500,0.008465252460510723
27.5000,0.008431526355090362
27.7500,0.00839780024967
28.0000,0.008364074144249639
28.2500,0.008330348038829278
28.5000,0.008296621933408917
28.7500,0.008262895827988555
29.0000,0.008229169722568192
29.2500,0.008195443617147831
29.5000,0.00816171751172747
29.7500,0.008127991406307107
30.0000,0.008094265300886748
30.2500,0.008060539195466385
30.5000,0.008026813090046025
30.7500,0.007993086984625664
31.0000,0.007959360879205301
31.2500,0.007925634773784941
31.5000,0.007891908668364579
31.7500,0.007858182562944216
32.0000,0.007824456457523856
32.2500,0.007790730352103493
32.5000,0.007757004246683133
32.7500,0.007723278141262771
33.0000,0.0076895520358424094
33.2500,0.007655825930422048
33.5000,0.007622099825001687
33.7500,0.007588373719581326
34.0000,0.007554647614160964
34.2500,0.0075209215087406025
34.5000,0.007487195403320241
34.7500,0.007453469297899879
35.0000,0.007419743192479519
35.2500,0.0073860170870591576
35.5000,0.0073522909816387955
35.7500,0.007318564876218433
36.0000,0.007284838770798072
36.2500,0.007251112665377711
36.5000,0.00721738655995735
36.7500,0.007183660454536988
37.0000,0.007149934349116626
37.2500,0.007116208243696265
37.5000,0.007082482138275903
37.7500,0.007048756032855543
38.0000,0.0070150299274351815
38.2500,0.006981303822014819
38.5000,0.006947577716594457
38.7500,0.006913851611174096
39.0000,0.006880125505753736
39.2500,0.0068463994003333745
39.5000,0.006812673294913012
39.7500,0.00677894718949265
40.0000,0.006745221084072289
40.2500,0.006711494978651928
40.5000,0.006677768873231567
40.7500,0.006644042767811205
41.0000,0.006610316662390844
41.2500,0.006576590556970482
41.5000,0.00654286445155012
41.7500,0.006509138346129759
42.0000,0.0064754122407093976
42.2500,0.006441686135289036
42.5000,0.006407960029868674
42.7500,0.006374233924448313
43.0000,0.006340507819027953
43.2500,0.006306781713607591
43.5000,0.006273055608187229
43.7500,0.006239329502766868
44.0000,0.006205603397346506
44.2500,0.006171877291926145
44.5000,0.006138151186505783
44.7500,0.0061044250810854215
45.0000,0.00607069897566506
45.2500,0.006036972870244699
45.5000,0.006003246764824337
45.7500,0.005969520659403977
46.0000,0.005935794553983615
46.2500,0.005902068448563253
46.5000,0.005868342343142892
46.7500,0.005834616237722529
47.0000,0.005800890132302169
47.2500,0.0057671640268818075
47.5000,0.005733437921461445
47.7500,0.005699711816041084
48.0000,0.005665985710620723
48.2500,0.005632259605200362
48.5000,0.0055985334997800005
48.7500,0.005564807394359639
49.0000,0.005531081288939277
49.2500,0.005497355183518916
49.5000,0.005463629078098553
49.7500,0.005429902972678193
50.0000,0.0053961768672578314
50.2500,0.005362450761837469
50.5000,0.005328724656417108
50.7500,0.005294998550996747
51.0000,0.0052612724455763865
51.2500,0.0052275463401560245
51.5000,0.005193820234735663
51.7500,0.005160094129315302
52.0000,0.005126368023894939
52.2500,0.005092641918474579
52.5000,0.005058915813054217
52.7500,0.005025189707633855
53.0000,0.004991463602213494
53.2500,0.004957737496793132
53.5000,0.004924011391372771
53.7500,0.0048902852859524105
54.0000,0.004856559180532048
54.2500,0.004822833075111687
54.5000,0.004789106969691326
54.7500,0.004755380864270963
55.0000,0.004721654758850603
55.2500,0.0046879286534302405
55.5000,0.004654202548009879
55.7500,0.004620476442589518
56.0000,0.004586750337169156
56.2500,0.004553024231748796
56.5000,0.004519298126328434
56.7500,0.004485572020908073
57.0000,0.004451845915487711
57.2500,0.00441811981006735
57.5000,0.004384393704646988
57.7500,0.004350667599226626
58.0000,0.0043169414938062645
58.2500,0.004283215388385903
58.5000,0.004249489282965542
58.7500,0.004215763177545181
59.0000,0.00418203707212482
59.2500,0.0041483109667044575
59.5000,0.004114584861284096
59.7500,0.004080858755863735
60.0000,0.004047132650443374
60.2500,0.004013406545023012
60.5000,0.0039796804396026505
60.7500,0.003945954334182289
61.0000,0.003912228228761928
61.2500,0.0038785021233415672
61.5000,0.0038447760179212043
61.7500,0.003811049912500843
62.0000,0.0037773238070804823
62.2500,0.003743597701660121
62.5000,0.0037098715962397603
62.7500,0.0036761454908193973
63.0000,0.003642419385399036
63.2500,0.0036086932799786753
63.5000,0.0035749671745583123
63.7500,0.003541241069137951
64.0000,0.0035075149637175903
64.2500,0.003473788858297229
64.5000,0.0034400627528768683
64.7500,0.003406336647456507
65.0000,0.003372610542036144
65.2500,0.0033388844366157833
65.5000,0.0033051583311954204
65.7500,0.003271432225775059
66.0000,0.0032377061203546983
66.2500,0.003203980014934337
66.5000,0.0031702539095139763
66.7500,0.003136527804093615
67.0000,0.003102801698673254
67.2500,0.0030690755932528914
67.5000,0.00303534948783253
67.7500,0.003001623382412169
68.0000,0.0029678972769918064
68.2500,0.002934171171571445
68.5000,0.0029004450661510844
68.7500,0.002866718960730723
69.0000,0.002832992855310362
69.2500,0.0027992667498899994
69.5000,0.002765540644469638
69.7500,0.002731814539049277
70.0000,0.002698088433628916
70.2500,0.002664362328208555
70.5000,0.002630636222788194
70.7500,0.002596910117367831
71.0000,0.00256318401194747
71.2500,0.0025294579065271074
71.5000,0.002495731801106746
71.7500,0.002462005695686385
72.0000,0.002428279590266024
72.2500,0.002394553484845663
72.5000,0.002360827379425302
72.7500,0.002327101274004941
73.0000,0.002293375168584578
73.2500,0.002259649063164217
73.5000,0.0022259229577438542
73.7500,0.0021921968523234935
74.0000,0.0021584707469031322
74.2500,0.002124744641482771
74.5000,0.00209101853606241
74.7500,0.002057292430642049
75.0000,0.002023566325221686
75.2500,0.0019898402198013252
75.5000,0.001956114114380964
75.7500,0.001922388008960603
76.0000,0.001888661903540242
76.2500,0.0018549357981198793
76.5000,0.001821209692699518
76.7500,0.001787483587279157
77.0000,0.0017537574818587943
77.2500,0.0017200313764384333
77.5000,0.001686305271018072
77.7500,0.001652579165597711
78.0000,0.00161885306017735
78.2500,0.001585126954756989
78.5000,0.0015514008493366278
78.7500,0.001517674743916265
79.0000,0.001483948638495904
79.2500,0.0014502225330755413
79.5000,0.00141649642765518
79.7500,0.001382770322234819
80.0000,0.001349044216814458
80.2500,0.001315318111394097
80.5000,0.0012815920059737358
80.7500,0.001247865900553373
81.0000,0.001214139795133012
81.2500,0.001180413689712651
81.5000,0.0011466875842922899
81.7500,0.0011129614788719271
82.0000,0.0010792353734515679
82.2500,0.001045509268031205
82.5000,0.0010117831626108439
82.7500,0.0009780570571904811
83.0000,0.0009443309517701201
83.2500,0.000910604846349759
83.5000,0.0008768787409293963
83.7500,0.0008431526355090369
84.0000,0.0008094265300886742
84.2500,0.0007757004246683148
84.5000,0.000741974319247952
84.7500,0.0007082482138275909
85.0000,0.0006745221084072282
85.2500,0.0006407960029868688
85.5000,0.000607069897566506
85.7500,0.0005733437921461433
86.0000,0.0005396176867257839
86.2500,0.0005058915813054211
86.5000,0.00047216547588506007
86.7500,0.000438439370464699
87.0000,0.00040471326504433794
87.2500,0.00037098715962397515
87.5000,0.0003372610542036158
87.7500,0.000303534948783253
88.0000,0.00026980884336289196
88.2500,0.00023608273794253087
88.5000,0.0002023566325221681
88.7500,0.00016863052710180704
89.0000,0.00013490442168144425
89.2500,0.0001011783162610849
89.5000,0.00006745221084072212
89.7500,0.00003372610542036278
90.0000,0
