theta_deg,torque_total_Nm,torque_drive_only_Nm,torque_stop_isolated_Nm
90.0000,0,0,0
90.1000,-0.017466782962110353,-0.00001349044216814374,-0.01745329251994221
90.2000,-0.03493356592422293,-0.000026980884336289194,-0.03490658503988664
90.3000,-0.052400348886333284,-0.00004047132650443293,-0.05235987755982885
90.4000,-0.06986713184844585,-0.00005396176867257839,-0.06981317007977328
90.5000,-0.0873339148105562,-0.00006745221084072212,-0.08726646259971549
90.6000,-0.10480069777266879,-0.00008094265300886759,-0.10471975511965992
90.7000,-0.12226748073478136,-0.00009443309517701304,-0.12217304763960435
90.8000,-0.1397342636968895,-0.00010792353734515507,-0.13962634015954434
90.9000,-0.15720104665900428,-0.00012141397951330224,-0.157079632679491
91.0000,-0.17466782962111466,-0.00013490442168144598,-0.1745329251994332
91.1000,-0.192134612583225,-0.00014839486384958972,-0.1919862177193754
91.2000,-0.2096013955453398,-0.00016188530601773688,-0.20943951023932206
91.3000,-0.22706817850745015,-0.00017537574818588062,-0.22689280275926427
91.4000,-0.2445349614695605,-0.00018886619035402436,-0.24434609527920648
91.5000,-0.26200174443167085,-0.0002023566325221681,-0.2617993877991487
91.6000,-0.2794685273937812,-0.00021584707469031185,-0.2792526803190909
91.7000,-0.296935310355896,-0.00022933751685845903,-0.29670597283903755
91.8000,-0.31440209331800634,-0.00024282795902660274,-0.31415926535897976
91.9000,-0.3318688762801167,-0.0002563184011947465,-0.33161255787892197
92.0000,-0.3493356592422271,-0.00026980884336289023,-0.3490658503988642
92.1000,-0.36680244220433966,-0.0002832992855310357,-0.3665191429188086
92.2000,-0.38426922516645223,-0.0002967897276991811,-0.38397243543875303
92.3000,-0.4017360081285626,-0.00031028016986732487,-0.40142572795869524
92.4000,-0.41920279109067515,-0.00032377061203547034,-0.4188790204786397
92.5000,-0.4366695740527855,-0.0003372610542036141,-0.4363323129985819
92.6000,-0.45413635701489585,-0.00035075149637175783,-0.4537856055185241
92.7000,-0.47160313997701064,-0.000364241938539905,-0.47123889803847074
92.8000,-0.489069922939121,-0.0003777323807080487,-0.48869219055841295
92.9000,-0.5065367059012336,-0.0003912228228761942,-0.5061454830783574
93.0000,-0.5240034888633417,-0.0004047132650443362,-0.5235987755982974
93.1000,-0.541470271825452,-0.00041820370721247995,-0.5410520681182396
93.2000,-0.5589370547875668,-0.0004316941493806271,-0.5585053606381862
93.3000,-0.5764038377496772,-0.00044518459154877085,-0.5759586531581284
93.4000,-0.593870620711792,-0.00045867503371691806,-0.5934119456780751
93.5000,-0.6113374036739023,-0.00047216547588506175,-0.6108652381980173
93.6000,-0.6288041866360127,-0.0004856559180532055,-0.6283185307179595
93.7000,-0.646270969598123,-0.0004991463602213493,-0.6457718232379017
93.8000,-0.6637377525602334,-0.000512636802389493,-0.6632251157578439
93.9000,-0.6812045355223483,-0.0005261272445576401,-0.6806784082777906
94.0000,-0.6986713184844586,-0.0005396176867257839,-0.6981317007977328
94.1000,-0.716138101446569,-0.0005531081288939276,-0.715584993317675
94.2000,-0.7336048844086793,-0.0005665985710620714,-0.7330382858376172
94.3000,-0.7510716673707919,-0.0005800890132302168,-0.7504915783575616
94.4000,-0.7685384503329045,-0.0005935794553983623,-0.7679448708775061
94.5000,-0.7860052332950148,-0.000607069897566506,-0.7853981633974483
94.6000,-0.8034720162571274,-0.0006205603397346515,-0.8028514559173927
94.7000,-0.8209387992192377,-0.0006340507819027953,-0.8203047484373349
94.8000,-0.8384055821813481,-0.000647541224070939,-0.8377580409572771
94.9000,-0.8558723651434629,-0.0006610316662390861,-0.8552113334772238
95.0000,-0.8733391481055732,-0.0006745221084072299,-0.872664625997166
95.1000,-0.8908059310676836,-0.0006880125505753736,-0.8901179185171082
95.2000,-0.9082727140297939,-0.0007015029927435174,-0.9075712110370504
95.3000,-0.9257394969919043,-0.0007149934349116611,-0.9250245035569926
95.4000,-0.9432062799540146,-0.0007284838770798049,-0.9424777960769348
95.5000,-0.9606730629161294,-0.000741974319247952,-0.9599310885968815
95.6000,-0.9781398458782398,-0.0007554647614160957,-0.9773843811168237
95.7000,-0.9956066288403501,-0.0007689552035842395,-0.9948376736367659
95.8000,-1.0130734118024627,-0.0007824456457523849,-1.0122909661567103
95.9000,-1.0305401947645731,-0.0007959360879205287,-1.0297442586766525
96.0000,-1.0480069777266856,-0.0008094265300886742,-1.047197551196597
96.1000,-1.0654737606887983,-0.0008229169722568196,-1.0646508437165414
96.2000,-1.0829405436509085,-0.0008364074144249634,-1.0821041362364836
96.3000,-1.100407326613019,-0.0008498978565931071,-1.0995574287564258
96.4000,-1.1178741095751292,-0.0008633882987612509,-1.117010721276368
96.5000,-1.1353408925372441,-0.000876878740929398,-1.1344640137963147
96.6000,-1.1528076754993544,-0.0008903691830975417,-1.1519173063162569
96.7000,-1.1702744584614648,-0.0009038596252656855,-1.169370598836199
96.8000,-1.1877412414235795,-0.0009173500674338327,-1.1868238913561457
96.9000,-1.2052080243856855,-0.000930840509601973,-1.2042771838760835
97.0000,-1.222674807347798,-0.0009443309517701184,-1.221730476396028
97.1000,-1.2401415903099107,-0.0009578213939382638,-1.2391837689159724
97.2000,-1.257608373272021,-0.0009713118361064076,-1.2566370614359146
97.3000,-1.2750751562341314,-0.0009848022782745513,-1.2740903539558568
97.4000,-1.292541939196246,-0.0009982927204426986,-1.2915436464758034
97.5000,-1.3100087221583543,-0.0010117831626108406,-1.3089969389957434
97.6000,-1.3274755051204667,-0.001025273604778986,-1.3264502315156879
97.7000,-1.3449422880825794,-0.0010387640469471315,-1.3439035240356323
97.8000,-1.3624090710446897,-0.0010522544891152753,-1.3613568165555745
97.9000,-1.3798758540068023,-0.0010657449312834206,-1.378810109075519
98.0000,-1.397342636968915,-0.0010792353734515661,-1.3962634015954634
98.1000,-1.4148094199310253,-0.00109272581561971,-1.4137166941154056
98.2000,-1.4322762028931357,-0.0011062162577878535,-1.4311699866353478
98.3000,-1.449742985855246,-0.0011197066999559973,-1.44862327915529
98.4000,-1.4672097688173609,-0.0011331971421241446,-1.4660765716752366
98.5000,-1.484676551779471,-0.0011466875842922881,-1.4835298641951788
98.6000,-1.5021433347415816,-0.001160178026460432,-1.500983156715121
98.7000,-1.5196101177036918,-0.0011736684686285757,-1.5184364492350633
98.8000,-1.5370769006658023,-0.0011871589107967195,-1.5358897417550055
98.9000,-1.5545436836279147,-0.0012006493529648648,-1.55334303427495
99.0000,-1.5720104665900274,-0.0012141397951330104,-1.5707963267948943
99.1000,-1.5894772495521376,-0.0012276302373011542,-1.5882496193148365
99.2000,-1.6069440325142503,-0.0012411206794692995,-1.605702911834781
99.3000,-1.6244108154763606,-0.0012546111216374433,-1.6231562043547232
99.4000,-1.641877598438471,-0.001268101563805587,-1.6406094968746654
99.5000,-1.6593443814005857,-0.0012815920059737341,-1.658062789394612
99.6000,-1.6768111643626962,-0.001295082448141878,-1.6755160819145543
99.7000,-1.6942779473248064,-0.0013085728903100217,-1.6929693744344965
99.8000,-1.7117447302869169,-0.0013220633324781655,-1.7104226669544387
99.9000,-1.729211513249027,-0.001335553774646309,-1.7278759594743809
100.0000,-1.746678296211142,-0.0013490442168144563,-1.7453292519943275
